Title,Company,Location,Apply
Product Specialist,NativePath,"Miami, FL",https://www.linkedin.com/jobs/view/product-specialist-at-nativepath-3986760334?position=1&pageNum=0&refId=Y2t1wJhA%2FWDuNqcVdjUd3A%3D%3D&trackingId=rJpRMy%2FEN78pAIOvJ3xzjg%3D%3D&trk=public_jobs_jserp-result_search-card
"Manager, People + Culture - Client Service Team","livingHR, Inc.","Miami, FL",https://www.linkedin.com/jobs/view/manager-people-%2B-culture-client-service-team-at-livinghr-inc-3984972719?position=2&pageNum=0&refId=Y2t1wJhA%2FWDuNqcVdjUd3A%3D%3D&trackingId=1QbOjpMRHqSvezIRnRKoHw%3D%3D&trk=public_jobs_jserp-result_search-card
"Account Executive (Healthcare Industry, Remote)",INFUSE,"Miami, FL",https://www.linkedin.com/jobs/view/account-executive-healthcare-industry-remote-at-infuse-3990475078?position=3&pageNum=0&refId=Y2t1wJhA%2FWDuNqcVdjUd3A%3D%3D&trackingId=V0oI20kqEcIshvi36IP%2BnQ%3D%3D&trk=public_jobs_jserp-result_search-card
Data Scientist,Duetto,"Miami, FL",https://www.linkedin.com/jobs/view/data-scientist-at-duetto-3991563876?position=4&pageNum=0&refId=Y2t1wJhA%2FWDuNqcVdjUd3A%3D%3D&trackingId=tWUarD6VzxJB%2BIOc8W%2Bgbw%3D%3D&trk=public_jobs_jserp-result_search-card
Head of Marketing,Neon Flux,"Miami, FL",https://www.linkedin.com/jobs/view/head-of-marketing-at-neon-flux-3993962710?position=5&pageNum=0&refId=Y2t1wJhA%2FWDuNqcVdjUd3A%3D%3D&trackingId=t6jxywKpwDq1ssTFrppvqw%3D%3D&trk=public_jobs_jserp-result_search-card
Senior Instructional Designer,Facet,"Miami, FL",https://www.linkedin.com/jobs/view/senior-instructional-designer-at-facet-4003126522?position=6&pageNum=0&refId=Y2t1wJhA%2FWDuNqcVdjUd3A%3D%3D&trackingId=WBd334JgvHXDaL2H8M59WA%3D%3D&trk=public_jobs_jserp-result_search-card
"Healthcare Recruiter | Business Development Role - $120,000+ (Fully Remote)",HealthPlus Staffing,"Fort Lauderdale, FL",https://www.linkedin.com/jobs/view/healthcare-recruiter-business-development-role-%24120-000%2B-fully-remote-at-healthplus-staffing-3932226011?position=7&pageNum=0&refId=Y2t1wJhA%2FWDuNqcVdjUd3A%3D%3D&trackingId=WM16fl3KJdlXXAfA0yq%2FpA%3D%3D&trk=public_jobs_jserp-result_search-card
"Healthcare Recruiter | Business Development Role - $120,000+ (Fully Remote)",HealthPlus Staffing,"Miami, FL",https://www.linkedin.com/jobs/view/healthcare-recruiter-business-development-role-%24120-000%2B-fully-remote-at-healthplus-staffing-3932219925?position=8&pageNum=0&refId=Y2t1wJhA%2FWDuNqcVdjUd3A%3D%3D&trackingId=9CMUBDSHsXDPZaLcznhxGg%3D%3D&trk=public_jobs_jserp-result_search-card
"Healthcare Recruiter | Business Development Role - $120,000+ (Fully Remote)",HealthPlus Staffing,"Fort Lauderdale, FL",https://www.linkedin.com/jobs/view/healthcare-recruiter-business-development-role-%24120-000%2B-fully-remote-at-healthplus-staffing-3932226018?position=9&pageNum=0&refId=Y2t1wJhA%2FWDuNqcVdjUd3A%3D%3D&trackingId=%2Bp4WSG625Zb6h4NJejWiXQ%3D%3D&trk=public_jobs_jserp-result_search-card
Head of Sales - Latin America,TaskHuman,"Miami, FL",https://www.linkedin.com/jobs/view/head-of-sales-latin-america-at-taskhuman-3984246888?position=10&pageNum=0&refId=Y2t1wJhA%2FWDuNqcVdjUd3A%3D%3D&trackingId=nB8vNRY0%2FZq6drvSvY%2BYfQ%3D%3D&trk=public_jobs_jserp-result_search-card
Director of International Sales,Riboli Family Wines,"Miami, FL",https://www.linkedin.com/jobs/view/director-of-international-sales-at-riboli-family-wines-3874946452?position=11&pageNum=0&refId=Y2t1wJhA%2FWDuNqcVdjUd3A%3D%3D&trackingId=xSc6tuqjrnLbk5JmRF7Ifg%3D%3D&trk=public_jobs_jserp-result_search-card
Freelance Senior IT Recruiter - 100% remote,Talent Connect,"Miami, FL",https://www.linkedin.com/jobs/view/freelance-senior-it-recruiter-100%25-remote-at-talent-connect-3994378290?position=12&pageNum=0&refId=Y2t1wJhA%2FWDuNqcVdjUd3A%3D%3D&trackingId=H1%2BenenF2xJq633E93%2Bdyw%3D%3D&trk=public_jobs_jserp-result_search-card
Instructional Systems Designer -,"Team Carney, Inc.","Miami, FL",https://www.linkedin.com/jobs/view/instructional-systems-designer-at-team-carney-inc-4001834763?position=13&pageNum=0&refId=Y2t1wJhA%2FWDuNqcVdjUd3A%3D%3D&trackingId=Iibc%2FimzsJf3VFQa98EFHA%3D%3D&trk=public_jobs_jserp-result_search-card
"Private Client Manager, North America",Belmond,"Miami, FL",https://www.linkedin.com/jobs/view/private-client-manager-north-america-at-belmond-3999782183?position=14&pageNum=0&refId=Y2t1wJhA%2FWDuNqcVdjUd3A%3D%3D&trackingId=XSkJNzd7ov5aT%2FVVmbo2kg%3D%3D&trk=public_jobs_jserp-result_search-card
Head of Design,EvenUp,"Miami, FL",https://www.linkedin.com/jobs/view/head-of-design-at-evenup-3982419585?position=15&pageNum=0&refId=Y2t1wJhA%2FWDuNqcVdjUd3A%3D%3D&trackingId=5qKbUsxPlov7yCOqfiEXkQ%3D%3D&trk=public_jobs_jserp-result_search-card
Controller,MotionPoint,"Fort Lauderdale, FL",https://www.linkedin.com/jobs/view/controller-at-motionpoint-3980533429?position=16&pageNum=0&refId=Y2t1wJhA%2FWDuNqcVdjUd3A%3D%3D&trackingId=RacuUcIrmIUbXQdRigiJPg%3D%3D&trk=public_jobs_jserp-result_search-card
Global Marketing Planning Director,Channel Factory,"Miami, FL",https://www.linkedin.com/jobs/view/global-marketing-planning-director-at-channel-factory-3988122277?position=17&pageNum=0&refId=Y2t1wJhA%2FWDuNqcVdjUd3A%3D%3D&trackingId=FyNES0nwskbti34w%2FZH8lQ%3D%3D&trk=public_jobs_jserp-result_search-card
Junior Facebook Campaign Manager,NativePath,"Miami, FL",https://www.linkedin.com/jobs/view/junior-facebook-campaign-manager-at-nativepath-3999980166?position=18&pageNum=0&refId=Y2t1wJhA%2FWDuNqcVdjUd3A%3D%3D&trackingId=Z4sMcEURdKz3a5Lg26OuXA%3D%3D&trk=public_jobs_jserp-result_search-card
Account Executive (Remote) | No-Code SaaS | 100% Remote,Process Street,"Miami, FL",https://www.linkedin.com/jobs/view/account-executive-remote-no-code-saas-100%25-remote-at-process-street-3952237214?position=19&pageNum=0&refId=Y2t1wJhA%2FWDuNqcVdjUd3A%3D%3D&trackingId=0j%2Fo3GAWxEFR1XLDnCEqMw%3D%3D&trk=public_jobs_jserp-result_search-card
"Customer Success Manager, LATAM",Duetto,"Miami, FL",https://www.linkedin.com/jobs/view/customer-success-manager-latam-at-duetto-3931817932?position=20&pageNum=0&refId=Y2t1wJhA%2FWDuNqcVdjUd3A%3D%3D&trackingId=D978UlR2eE1IoMv1V6n%2BHQ%3D%3D&trk=public_jobs_jserp-result_search-card
IT Administrator - Remote | WFH,Get It Recruit - Hospitality,"Miami, FL",https://www.linkedin.com/jobs/view/it-administrator-remote-wfh-at-get-it-recruit-hospitality-4000391405?position=21&pageNum=0&refId=Y2t1wJhA%2FWDuNqcVdjUd3A%3D%3D&trackingId=P7ZcqSqw0i8bIpNTLlg0Sg%3D%3D&trk=public_jobs_jserp-result_search-card
"Manager, People + Culture (HR Tech and Compensation) - Client Service Team","livingHR, Inc.","Miami, FL",https://www.linkedin.com/jobs/view/manager-people-%2B-culture-hr-tech-and-compensation-client-service-team-at-livinghr-inc-3984972717?position=22&pageNum=0&refId=Y2t1wJhA%2FWDuNqcVdjUd3A%3D%3D&trackingId=Os5SzsPTlcFlqtyqPzm%2FQw%3D%3D&trk=public_jobs_jserp-result_search-card
"Sales Director, NA",Guardz,"Miami, FL",https://www.linkedin.com/jobs/view/sales-director-na-at-guardz-3999781045?position=23&pageNum=0&refId=Y2t1wJhA%2FWDuNqcVdjUd3A%3D%3D&trackingId=WOuzmdQmZVvJCb38kQu0Yg%3D%3D&trk=public_jobs_jserp-result_search-card
Remote Content Writer - Home Improvement and Energy Efficiency,Keller Executive Search International,"Miami, FL",https://www.linkedin.com/jobs/view/remote-content-writer-home-improvement-and-energy-efficiency-at-keller-executive-search-international-3995242721?position=24&pageNum=0&refId=Y2t1wJhA%2FWDuNqcVdjUd3A%3D%3D&trackingId=4hBFuwO4lN9ehRHXfAFFBA%3D%3D&trk=public_jobs_jserp-result_search-card
Manager Global Operations - Cargo,Swissport,"Miami, FL",https://www.linkedin.com/jobs/view/manager-global-operations-cargo-at-swissport-3980033743?position=25&pageNum=0&refId=Y2t1wJhA%2FWDuNqcVdjUd3A%3D%3D&trackingId=sV4%2FbXjdIwzkXknLzQ62Zg%3D%3D&trk=public_jobs_jserp-result_search-card
Ecommerce Key Account Manager  ( ON -SITE -  NOT REMOTE ),SWCORP,"Miami, FL",https://www.linkedin.com/jobs/view/ecommerce-key-account-manager-on-site-not-remote-at-swcorp-3993028154?position=26&pageNum=0&refId=Y2t1wJhA%2FWDuNqcVdjUd3A%3D%3D&trackingId=B5Epw815XcsRMpHZh8DvOw%3D%3D&trk=public_jobs_jserp-result_search-card
Schedule Service Coordinator,Keller Executive Search International,"Miami, FL",https://www.linkedin.com/jobs/view/schedule-service-coordinator-at-keller-executive-search-international-3995256105?position=27&pageNum=0&refId=Y2t1wJhA%2FWDuNqcVdjUd3A%3D%3D&trackingId=WABmC%2Bhl6ziED6J8Ar2yzA%3D%3D&trk=public_jobs_jserp-result_search-card
Travel Retail & Corporate Sales Manager,Diptyque Paris,"Miami, FL",https://www.linkedin.com/jobs/view/travel-retail-corporate-sales-manager-at-diptyque-paris-4002029039?position=28&pageNum=0&refId=Y2t1wJhA%2FWDuNqcVdjUd3A%3D%3D&trackingId=7ErVkXnAF6fGdrpj5Ju6Bg%3D%3D&trk=public_jobs_jserp-result_search-card
Pre-Sales Strategy and Data Specialist (Remote),INFUSE,"Miami, FL",https://www.linkedin.com/jobs/view/pre-sales-strategy-and-data-specialist-remote-at-infuse-4001823275?position=29&pageNum=0&refId=Y2t1wJhA%2FWDuNqcVdjUd3A%3D%3D&trackingId=JA%2B352qD7AjOPugua6H2Qw%3D%3D&trk=public_jobs_jserp-result_search-card
"Controller Consultant (Remote) with Occasional travel to Tampa, FL",Stage 1 Financial,"Miami, FL",https://www.linkedin.com/jobs/view/controller-consultant-remote-with-occasional-travel-to-tampa-fl-at-stage-1-financial-3787750820?position=30&pageNum=0&refId=Y2t1wJhA%2FWDuNqcVdjUd3A%3D%3D&trackingId=fqef5qV6JOlcevDpSxDVjw%3D%3D&trk=public_jobs_jserp-result_search-card
Global Director of Media Relations and Publicity,Unicoin,"Miami, FL",https://www.linkedin.com/jobs/view/global-director-of-media-relations-and-publicity-at-unicoin-4002200682?position=31&pageNum=0&refId=Y2t1wJhA%2FWDuNqcVdjUd3A%3D%3D&trackingId=9c2Yu6YXRAmvdPSUFCqVmw%3D%3D&trk=public_jobs_jserp-result_search-card
"Remote Sales Position ($77k to $254K, Qualified Leads, No Cold Calling)",Blue Skye Financial,"Miami, FL",https://www.linkedin.com/jobs/view/remote-sales-position-%2477k-to-%24254k-qualified-leads-no-cold-calling-at-blue-skye-financial-3832786817?position=32&pageNum=0&refId=Y2t1wJhA%2FWDuNqcVdjUd3A%3D%3D&trackingId=1n5wpTiJGfcVOq6lMEiHsg%3D%3D&trk=public_jobs_jserp-result_search-card
Principal Data Scientist,Duetto,"Miami, FL",https://www.linkedin.com/jobs/view/principal-data-scientist-at-duetto-3945989148?position=33&pageNum=0&refId=Y2t1wJhA%2FWDuNqcVdjUd3A%3D%3D&trackingId=mKbIxzfEJK2%2FVI1wMr9Zkg%3D%3D&trk=public_jobs_jserp-result_search-card
"Director, Quality & HEIDIS/STARS (Not a Remote Position)","Doctors HealthCare Plans, Inc.","Miami, FL",https://www.linkedin.com/jobs/view/director-quality-heidis-stars-not-a-remote-position-at-doctors-healthcare-plans-inc-4002287071?position=34&pageNum=0&refId=Y2t1wJhA%2FWDuNqcVdjUd3A%3D%3D&trackingId=bvJJpfj5%2BpCEl%2F6lrrvZIg%3D%3D&trk=public_jobs_jserp-result_search-card
Brand Manager,Neon Flux,"Miami, FL",https://www.linkedin.com/jobs/view/brand-manager-at-neon-flux-4000547611?position=35&pageNum=0&refId=Y2t1wJhA%2FWDuNqcVdjUd3A%3D%3D&trackingId=91gys6A6duQnjv0j9%2BnYcQ%3D%3D&trk=public_jobs_jserp-result_search-card
Financial Manager,BnBerry,"Miami, FL",https://www.linkedin.com/jobs/view/financial-manager-at-bnberry-3964312518?position=36&pageNum=0&refId=Y2t1wJhA%2FWDuNqcVdjUd3A%3D%3D&trackingId=dcLMAH1nqiKUhwZDOuKISA%3D%3D&trk=public_jobs_jserp-result_search-card
Sr. Data Analyst,PRIME,"Miami, FL",https://www.linkedin.com/jobs/view/sr-data-analyst-at-prime-4001259741?position=37&pageNum=0&refId=Y2t1wJhA%2FWDuNqcVdjUd3A%3D%3D&trackingId=39VPf7TfmP8c5lrqSsM%2BIA%3D%3D&trk=public_jobs_jserp-result_search-card
Business Development Manager,"Blew & Associates, P.A.","Miami, FL",https://www.linkedin.com/jobs/view/business-development-manager-at-blew-associates-p-a-3983856295?position=38&pageNum=0&refId=Y2t1wJhA%2FWDuNqcVdjUd3A%3D%3D&trackingId=dJXYAZC5mYwhtKbIBO9gew%3D%3D&trk=public_jobs_jserp-result_search-card
"Content Writer, Talent Pool",Darkroom,"Miami, FL",https://www.linkedin.com/jobs/view/content-writer-talent-pool-at-darkroom-3949805855?position=39&pageNum=0&refId=Y2t1wJhA%2FWDuNqcVdjUd3A%3D%3D&trackingId=kbkcfvY7TShZwIt7VIS%2FCg%3D%3D&trk=public_jobs_jserp-result_search-card
Partnership Manager,Leafwell,"Miami, FL",https://www.linkedin.com/jobs/view/partnership-manager-at-leafwell-3931896104?position=40&pageNum=0&refId=Y2t1wJhA%2FWDuNqcVdjUd3A%3D%3D&trackingId=GJQfS9udGZnLpairVP%2BJeA%3D%3D&trk=public_jobs_jserp-result_search-card
Foodservice Sales Representative (FL),FoodEmployment.com,"Miami, FL",https://www.linkedin.com/jobs/view/foodservice-sales-representative-fl-at-foodemployment-com-4002454489?position=41&pageNum=0&refId=Y2t1wJhA%2FWDuNqcVdjUd3A%3D%3D&trackingId=%2BQ1N7kPv77MGEBIpgfalYQ%3D%3D&trk=public_jobs_jserp-result_search-card
Senior Director of M&A,Origis Energy,"Miami, FL",https://www.linkedin.com/jobs/view/senior-director-of-m-a-at-origis-energy-3918897947?position=42&pageNum=0&refId=Y2t1wJhA%2FWDuNqcVdjUd3A%3D%3D&trackingId=sukcuwICQazq1VO9I9v9Nw%3D%3D&trk=public_jobs_jserp-result_search-card
Project Manager - Environmental Professional,"Blew & Associates, P.A.","Fort Lauderdale, FL",https://www.linkedin.com/jobs/view/project-manager-environmental-professional-at-blew-associates-p-a-3938303621?position=43&pageNum=0&refId=Y2t1wJhA%2FWDuNqcVdjUd3A%3D%3D&trackingId=gNRRzb8XMLRzim82TQoavg%3D%3D&trk=public_jobs_jserp-result_search-card
E-Commerce Growth Manager ï¿½ Amazon ( ON -SITE -  NOT REMOTE ),SWCORP,"Miami, FL",https://www.linkedin.com/jobs/view/e-commerce-growth-manager-%E2%80%93-amazon-on-site-not-remote-at-swcorp-3993021900?position=44&pageNum=0&refId=Y2t1wJhA%2FWDuNqcVdjUd3A%3D%3D&trackingId=Qn%2BDWJvJWJw1GcIYfUubtg%3D%3D&trk=public_jobs_jserp-result_search-card
"Director, Organic Social - Talent Pool",Darkroom,"Miami, FL",https://www.linkedin.com/jobs/view/director-organic-social-talent-pool-at-darkroom-3902543785?position=45&pageNum=0&refId=Y2t1wJhA%2FWDuNqcVdjUd3A%3D%3D&trackingId=0prshj2VfnizHGPT4b%2BsRw%3D%3D&trk=public_jobs_jserp-result_search-card
Associate Counsel - Remote | WFH,Get It Recruit - Hospitality,"Miami, FL",https://www.linkedin.com/jobs/view/associate-counsel-remote-wfh-at-get-it-recruit-hospitality-3997903039?position=46&pageNum=0&refId=Y2t1wJhA%2FWDuNqcVdjUd3A%3D%3D&trackingId=D9gKpEXGY3LbvpyOQxaRsQ%3D%3D&trk=public_jobs_jserp-result_search-card
"Senior Director, Product Management - AI Products - Remote | WFH",Get It Recruit - Hospitality,"Miami, FL",https://www.linkedin.com/jobs/view/senior-director-product-management-ai-products-remote-wfh-at-get-it-recruit-hospitality-3974863986?position=47&pageNum=0&refId=Y2t1wJhA%2FWDuNqcVdjUd3A%3D%3D&trackingId=bhfvHM1EdlAEhOHDMCMRdg%3D%3D&trk=public_jobs_jserp-result_search-card
Senior Accountant (Not a Remote Position),"Doctors HealthCare Plans, Inc.","Miami, FL",https://www.linkedin.com/jobs/view/senior-accountant-not-a-remote-position-at-doctors-healthcare-plans-inc-4002283611?position=48&pageNum=0&refId=Y2t1wJhA%2FWDuNqcVdjUd3A%3D%3D&trackingId=32tihAzUM8DS0uGvYRZefw%3D%3D&trk=public_jobs_jserp-result_search-card
Business Development Manager ï¿½ North America (Home Furnishings Sector),Colombini Group,"Miami, FL",https://www.linkedin.com/jobs/view/business-development-manager-%E2%80%93-north-america-home-furnishings-sector-at-colombini-group-3994775925?position=49&pageNum=0&refId=Y2t1wJhA%2FWDuNqcVdjUd3A%3D%3D&trackingId=W4cQNNoVwMgWhcFtGYqWzg%3D%3D&trk=public_jobs_jserp-result_search-card
Senior Product Manager,ResQ,"Miami, FL",https://www.linkedin.com/jobs/view/senior-product-manager-at-resq-3990405778?position=50&pageNum=0&refId=Y2t1wJhA%2FWDuNqcVdjUd3A%3D%3D&trackingId=OWw0xObEz82puyMOxp4i3Q%3D%3D&trk=public_jobs_jserp-result_search-card
Lawyer Needed for Contract Disputes - Remote | WFH,Get It Recruit - Professional Services,"Miami, FL",https://www.linkedin.com/jobs/view/lawyer-needed-for-contract-disputes-remote-wfh-at-get-it-recruit-professional-services-3983756718?position=51&pageNum=0&refId=Y2t1wJhA%2FWDuNqcVdjUd3A%3D%3D&trackingId=J%2Ftu5K%2FiPuNykEwqUKJlnQ%3D%3D&trk=public_jobs_jserp-result_search-card
CRA Manager,Emigrant Bank,"Miami, FL",https://www.linkedin.com/jobs/view/cra-manager-at-emigrant-bank-3801576899?position=52&pageNum=0&refId=Y2t1wJhA%2FWDuNqcVdjUd3A%3D%3D&trackingId=pmI2XGKn%2FxtMjnmo9259QA%3D%3D&trk=public_jobs_jserp-result_search-card
"Director, Meetings & Conferences (Full Time) REMOTE USA LOCATION ONLY",Blueprint Creative Group,"Miami, FL",https://www.linkedin.com/jobs/view/director-meetings-conferences-full-time-remote-usa-location-only-at-blueprint-creative-group-3927504295?position=53&pageNum=0&refId=Y2t1wJhA%2FWDuNqcVdjUd3A%3D%3D&trackingId=Aoj3cRDMQs7oxsHDtv%2F7ig%3D%3D&trk=public_jobs_jserp-result_search-card
"Director or Manager, Business Development",Origis Energy,"Miami, FL",https://www.linkedin.com/jobs/view/director-or-manager-business-development-at-origis-energy-3964392397?position=54&pageNum=0&refId=Y2t1wJhA%2FWDuNqcVdjUd3A%3D%3D&trackingId=iLR5%2Fg4FCrsd%2FFIDQ32W%2Fw%3D%3D&trk=public_jobs_jserp-result_search-card
Senior Account Executive,TaskHuman,"Miami, FL",https://www.linkedin.com/jobs/view/senior-account-executive-at-taskhuman-3984248591?position=55&pageNum=0&refId=Y2t1wJhA%2FWDuNqcVdjUd3A%3D%3D&trackingId=jB9FU3zvBzIVEmUo1czpnA%3D%3D&trk=public_jobs_jserp-result_search-card
AI & Innovation Lead - Principal,Ampersand Consulting,"Miami, FL",https://www.linkedin.com/jobs/view/ai-innovation-lead-principal-at-ampersand-consulting-3819263565?position=56&pageNum=0&refId=Y2t1wJhA%2FWDuNqcVdjUd3A%3D%3D&trackingId=XvRU8uUZesnArBVSTmBIzQ%3D%3D&trk=public_jobs_jserp-result_search-card
Document Review Attorney - Remote,Dauntless Discovery,"Miami, FL",https://www.linkedin.com/jobs/view/document-review-attorney-remote-at-dauntless-discovery-4000840557?position=57&pageNum=0&refId=Y2t1wJhA%2FWDuNqcVdjUd3A%3D%3D&trackingId=TXkdCVVtqGIn%2BzcCLuh2nw%3D%3D&trk=public_jobs_jserp-result_search-card
Title,Company,Location,Apply
Instructional Systems Designer -,"Team Carney, Inc.","Miami, FL",https://www.linkedin.com/jobs/view/instructional-systems-designer-at-team-carney-inc-4001834763?position=1&pageNum=0&refId=AvIJ9PHqsIw8TVyDIJmKuw%3D%3D&trackingId=JHxXQf5JjiGLnx4AXkoQcQ%3D%3D&trk=public_jobs_jserp-result_search-card
Service Scheduler,Keller Executive Search International,"Miami, FL",https://www.linkedin.com/jobs/view/service-scheduler-at-keller-executive-search-international-4004146845?position=2&pageNum=0&refId=AvIJ9PHqsIw8TVyDIJmKuw%3D%3D&trackingId=CqpY4y2DAUFYzzF93tPjkQ%3D%3D&trk=public_jobs_jserp-result_search-card
Product Specialist,NativePath,"Miami, FL",https://www.linkedin.com/jobs/view/product-specialist-at-nativepath-3986760334?position=3&pageNum=0&refId=AvIJ9PHqsIw8TVyDIJmKuw%3D%3D&trackingId=7ROfZck2%2FiJjj0BW8reSdg%3D%3D&trk=public_jobs_jserp-result_search-card
Brand Manager,Neon Flux,"Miami, FL",https://www.linkedin.com/jobs/view/brand-manager-at-neon-flux-4000547611?position=4&pageNum=0&refId=AvIJ9PHqsIw8TVyDIJmKuw%3D%3D&trackingId=yl82786mRhBOTuqgrHQjyg%3D%3D&trk=public_jobs_jserp-result_search-card
Data Scientist,Duetto,"Miami, FL",https://www.linkedin.com/jobs/view/data-scientist-at-duetto-3991563876?position=5&pageNum=0&refId=AvIJ9PHqsIw8TVyDIJmKuw%3D%3D&trackingId=qRyDySbkwvvCFWhZy7Px1Q%3D%3D&trk=public_jobs_jserp-result_search-card
Head of Marketing,Neon Flux,"Miami, FL",https://www.linkedin.com/jobs/view/head-of-marketing-at-neon-flux-3993962710?position=6&pageNum=0&refId=AvIJ9PHqsIw8TVyDIJmKuw%3D%3D&trackingId=nUHIxAHpMOwVeaTBCjmBBw%3D%3D&trk=public_jobs_jserp-result_search-card
"Healthcare Recruiter | Business Development Role - $120,000+ (Fully Remote)",HealthPlus Staffing,"Fort Lauderdale, FL",https://www.linkedin.com/jobs/view/healthcare-recruiter-business-development-role-%24120-000%2B-fully-remote-at-healthplus-staffing-3932226011?position=7&pageNum=0&refId=AvIJ9PHqsIw8TVyDIJmKuw%3D%3D&trackingId=rySP2pdvvmdA3x%2FStDTCGA%3D%3D&trk=public_jobs_jserp-result_search-card
"Healthcare Recruiter | Business Development Role - $120,000+ (Fully Remote)",HealthPlus Staffing,"Miami, FL",https://www.linkedin.com/jobs/view/healthcare-recruiter-business-development-role-%24120-000%2B-fully-remote-at-healthplus-staffing-3932219925?position=8&pageNum=0&refId=AvIJ9PHqsIw8TVyDIJmKuw%3D%3D&trackingId=fU%2FyeoM4WisdTIahxyaGSw%3D%3D&trk=public_jobs_jserp-result_search-card
"Healthcare Recruiter | Business Development Role - $120,000+ (Fully Remote)",HealthPlus Staffing,"Fort Lauderdale, FL",https://www.linkedin.com/jobs/view/healthcare-recruiter-business-development-role-%24120-000%2B-fully-remote-at-healthplus-staffing-3932226018?position=9&pageNum=0&refId=AvIJ9PHqsIw8TVyDIJmKuw%3D%3D&trackingId=uFcACx1xOlpTEXdj0TTunA%3D%3D&trk=public_jobs_jserp-result_search-card
"Private Client Manager, North America",Belmond,"Miami, FL",https://www.linkedin.com/jobs/view/private-client-manager-north-america-at-belmond-3999782183?position=10&pageNum=0&refId=AvIJ9PHqsIw8TVyDIJmKuw%3D%3D&trackingId=aMnjtY6m7Rbw4MWKsuBMdg%3D%3D&trk=public_jobs_jserp-result_search-card
Head of Sales - Latin America,TaskHuman,"Miami, FL",https://www.linkedin.com/jobs/view/head-of-sales-latin-america-at-taskhuman-3984246888?position=11&pageNum=0&refId=AvIJ9PHqsIw8TVyDIJmKuw%3D%3D&trackingId=8eQHodZWN7eGs5RCkA4v6A%3D%3D&trk=public_jobs_jserp-result_search-card
"Director, Quality & HEIDIS/STARS (Not a Remote Position)","Doctors HealthCare Plans, Inc.","Miami, FL",https://www.linkedin.com/jobs/view/director-quality-heidis-stars-not-a-remote-position-at-doctors-healthcare-plans-inc-4002287071?position=12&pageNum=0&refId=AvIJ9PHqsIw8TVyDIJmKuw%3D%3D&trackingId=%2FCMnsf9QWSBpUI%2BZKHaUKA%3D%3D&trk=public_jobs_jserp-result_search-card
Freelance Senior IT Recruiter - 100% remote,Talent Connect,"Miami, FL",https://www.linkedin.com/jobs/view/freelance-senior-it-recruiter-100%25-remote-at-talent-connect-3994378290?position=13&pageNum=0&refId=AvIJ9PHqsIw8TVyDIJmKuw%3D%3D&trackingId=l1kZ00%2BdaKc%2FqZmSfEw%2Btw%3D%3D&trk=public_jobs_jserp-result_search-card
"Controller Consultant (Remote) with Occasional travel to Tampa, FL",Stage 1 Financial,"Miami, FL",https://www.linkedin.com/jobs/view/controller-consultant-remote-with-occasional-travel-to-tampa-fl-at-stage-1-financial-3787750820?position=14&pageNum=0&refId=AvIJ9PHqsIw8TVyDIJmKuw%3D%3D&trackingId=fhGhFvlmMvJode0FI5VY9Q%3D%3D&trk=public_jobs_jserp-result_search-card
Director of International Sales,Riboli Family Wines,"Miami, FL",https://www.linkedin.com/jobs/view/director-of-international-sales-at-riboli-family-wines-3874946452?position=15&pageNum=0&refId=AvIJ9PHqsIw8TVyDIJmKuw%3D%3D&trackingId=WEWWOgXP3ykKSWwRRDaYYw%3D%3D&trk=public_jobs_jserp-result_search-card
Head of Design,EvenUp,"Miami, FL",https://www.linkedin.com/jobs/view/head-of-design-at-evenup-3982419585?position=16&pageNum=0&refId=AvIJ9PHqsIw8TVyDIJmKuw%3D%3D&trackingId=M8V2gYdbO%2FspoKbWmB7%2F2A%3D%3D&trk=public_jobs_jserp-result_search-card
Account Executive (Remote) | No-Code SaaS | 100% Remote,Process Street,"Miami, FL",https://www.linkedin.com/jobs/view/account-executive-remote-no-code-saas-100%25-remote-at-process-street-3952237214?position=17&pageNum=0&refId=AvIJ9PHqsIw8TVyDIJmKuw%3D%3D&trackingId=cUpMRcC0iZ%2F68%2BwcDZMSYw%3D%3D&trk=public_jobs_jserp-result_search-card
Controller,MotionPoint,"Fort Lauderdale, FL",https://www.linkedin.com/jobs/view/controller-at-motionpoint-3980533429?position=18&pageNum=0&refId=AvIJ9PHqsIw8TVyDIJmKuw%3D%3D&trackingId=JF%2BrySmyqFgTHqRtgYhrzA%3D%3D&trk=public_jobs_jserp-result_search-card
Director of Sales Operations - Leadership Role - Remote | WFH,Get It Recruit - Marketing,"Miami, FL",https://www.linkedin.com/jobs/view/director-of-sales-operations-leadership-role-remote-wfh-at-get-it-recruit-marketing-4002161453?position=19&pageNum=0&refId=AvIJ9PHqsIw8TVyDIJmKuw%3D%3D&trackingId=QNd2zEybLYykal9p88DY0A%3D%3D&trk=public_jobs_jserp-result_search-card
"Customer Success Manager, LATAM",Duetto,"Miami, FL",https://www.linkedin.com/jobs/view/customer-success-manager-latam-at-duetto-3931817932?position=20&pageNum=0&refId=AvIJ9PHqsIw8TVyDIJmKuw%3D%3D&trackingId=0eFx2WzDAcSCGn%2Fj0lRn0g%3D%3D&trk=public_jobs_jserp-result_search-card
Global Director of Media Relations and Publicity,Unicoin,"Miami, FL",https://www.linkedin.com/jobs/view/global-director-of-media-relations-and-publicity-at-unicoin-4002200682?position=21&pageNum=0&refId=AvIJ9PHqsIw8TVyDIJmKuw%3D%3D&trackingId=bvgTkc9ZcBAjnQumu1strg%3D%3D&trk=public_jobs_jserp-result_search-card
Manager Global Operations - Cargo,Swissport,"Miami, FL",https://www.linkedin.com/jobs/view/manager-global-operations-cargo-at-swissport-3980033743?position=22&pageNum=0&refId=AvIJ9PHqsIw8TVyDIJmKuw%3D%3D&trackingId=NPx4FfHz3UDXdIQ3QIHb1A%3D%3D&trk=public_jobs_jserp-result_search-card
Ecommerce Key Account Manager  ( ON -SITE -  NOT REMOTE ),SWCORP,"Miami, FL",https://www.linkedin.com/jobs/view/ecommerce-key-account-manager-on-site-not-remote-at-swcorp-3993028154?position=23&pageNum=0&refId=AvIJ9PHqsIw8TVyDIJmKuw%3D%3D&trackingId=Ter4bWHmjZegz%2BvGhqP%2BcA%3D%3D&trk=public_jobs_jserp-result_search-card
Travel Retail & Corporate Sales Manager,Diptyque Paris,"Miami, FL",https://www.linkedin.com/jobs/view/travel-retail-corporate-sales-manager-at-diptyque-paris-4002029039?position=24&pageNum=0&refId=AvIJ9PHqsIw8TVyDIJmKuw%3D%3D&trackingId=pJ8DRKMTy2P41rU7g3vYpg%3D%3D&trk=public_jobs_jserp-result_search-card
Pre-Sales Strategy and Data Specialist (Remote),INFUSE,"Miami, FL",https://www.linkedin.com/jobs/view/pre-sales-strategy-and-data-specialist-remote-at-infuse-4001823275?position=25&pageNum=0&refId=AvIJ9PHqsIw8TVyDIJmKuw%3D%3D&trackingId=Mrlez179hh9EdCGnsg4vHA%3D%3D&trk=public_jobs_jserp-result_search-card
"Remote Sales Position ($77k to $254K, Qualified Leads, No Cold Calling)",Blue Skye Financial,"Miami, FL",https://www.linkedin.com/jobs/view/remote-sales-position-%2477k-to-%24254k-qualified-leads-no-cold-calling-at-blue-skye-financial-3832786817?position=26&pageNum=0&refId=AvIJ9PHqsIw8TVyDIJmKuw%3D%3D&trackingId=%2BZavzT%2FJhbHgxrQW5NCycg%3D%3D&trk=public_jobs_jserp-result_search-card
Principal Data Scientist,Duetto,"Miami, FL",https://www.linkedin.com/jobs/view/principal-data-scientist-at-duetto-3945989148?position=27&pageNum=0&refId=AvIJ9PHqsIw8TVyDIJmKuw%3D%3D&trackingId=d0qks9S1PJJbB%2FX98gMTSQ%3D%3D&trk=public_jobs_jserp-result_search-card
IT Administrator - Remote | WFH,Get It Recruit - Hospitality,"Miami, FL",https://www.linkedin.com/jobs/view/it-administrator-remote-wfh-at-get-it-recruit-hospitality-4000391405?position=28&pageNum=0&refId=AvIJ9PHqsIw8TVyDIJmKuw%3D%3D&trackingId=2LDJ2UZrm9Rzyob%2FEvm93g%3D%3D&trk=public_jobs_jserp-result_search-card
Financial Manager,BnBerry,"Miami, FL",https://www.linkedin.com/jobs/view/financial-manager-at-bnberry-3964312518?position=29&pageNum=0&refId=AvIJ9PHqsIw8TVyDIJmKuw%3D%3D&trackingId=dUyTcgZcrOb8gqmshKrVlQ%3D%3D&trk=public_jobs_jserp-result_search-card
Aesthetics - Regional Sales Manager (Uncapped Commission),AL Solutions,"Miami, FL",https://www.linkedin.com/jobs/view/aesthetics-regional-sales-manager-uncapped-commission-at-al-solutions-4005821699?position=30&pageNum=0&refId=AvIJ9PHqsIw8TVyDIJmKuw%3D%3D&trackingId=%2Fq3TK%2BrcO48%2BgmRNS2K17Q%3D%3D&trk=public_jobs_jserp-result_search-card
"Content Writer, Talent Pool",Darkroom,"Miami, FL",https://www.linkedin.com/jobs/view/content-writer-talent-pool-at-darkroom-3949805855?position=31&pageNum=0&refId=AvIJ9PHqsIw8TVyDIJmKuw%3D%3D&trackingId=GX1IW45PMNTufnzd5C1PfA%3D%3D&trk=public_jobs_jserp-result_search-card
Snr Consultant HealthCare Consulting $ 85K - 155K Base + Bonus Remote Any US,The Skills Coalition,"Fort Lauderdale, FL",https://www.linkedin.com/jobs/view/snr-consultant-healthcare-consulting-%24-85k-155k-base-%2B-bonus-remote-any-us-at-the-skills-coalition-3999788105?position=32&pageNum=0&refId=AvIJ9PHqsIw8TVyDIJmKuw%3D%3D&trackingId=xRSbwfJmXoLmJp2A7RL3uA%3D%3D&trk=public_jobs_jserp-result_search-card
Business Development Manager,"Blew & Associates, P.A.","Miami, FL",https://www.linkedin.com/jobs/view/business-development-manager-at-blew-associates-p-a-3983856295?position=33&pageNum=0&refId=AvIJ9PHqsIw8TVyDIJmKuw%3D%3D&trackingId=zG8Jnm%2BbWRkhx00P%2Ft55vA%3D%3D&trk=public_jobs_jserp-result_search-card
Sr. Data Analyst,PRIME,"Miami, FL",https://www.linkedin.com/jobs/view/sr-data-analyst-at-prime-4001259741?position=34&pageNum=0&refId=AvIJ9PHqsIw8TVyDIJmKuw%3D%3D&trackingId=O%2B1hXj3wHlQVeKMVQ0JEDA%3D%3D&trk=public_jobs_jserp-result_search-card
"Director, Accounting Consultant (Remote)",Atlantix Partners,"Fort Lauderdale, FL",https://www.linkedin.com/jobs/view/director-accounting-consultant-remote-at-atlantix-partners-3784879454?position=35&pageNum=0&refId=AvIJ9PHqsIw8TVyDIJmKuw%3D%3D&trackingId=qM4n9L%2BOjut1Hctc%2BXGzFg%3D%3D&trk=public_jobs_jserp-result_search-card
Senior Director of M&A,Origis Energy,"Miami, FL",https://www.linkedin.com/jobs/view/senior-director-of-m-a-at-origis-energy-3918897947?position=36&pageNum=0&refId=AvIJ9PHqsIw8TVyDIJmKuw%3D%3D&trackingId=qAGRWCkvF%2FA7Ab3m9SVkBg%3D%3D&trk=public_jobs_jserp-result_search-card
"Sr. Director, Ops & Development (International)",Wingstop Restaurants Inc.,"Miami, FL",https://www.linkedin.com/jobs/view/sr-director-ops-development-international-at-wingstop-restaurants-inc-3984656781?position=37&pageNum=0&refId=AvIJ9PHqsIw8TVyDIJmKuw%3D%3D&trackingId=gV1EBIVDDbocynritM0XWQ%3D%3D&trk=public_jobs_jserp-result_search-card
Project Manager - Environmental Professional,"Blew & Associates, P.A.","Fort Lauderdale, FL",https://www.linkedin.com/jobs/view/project-manager-environmental-professional-at-blew-associates-p-a-3938303621?position=38&pageNum=0&refId=AvIJ9PHqsIw8TVyDIJmKuw%3D%3D&trackingId=eCPrTIsXzVi08hu%2F1qKlgQ%3D%3D&trk=public_jobs_jserp-result_search-card
Junior Facebook Campaign Manager,NativePath,"Miami, FL",https://www.linkedin.com/jobs/view/junior-facebook-campaign-manager-at-nativepath-3999980166?position=39&pageNum=0&refId=AvIJ9PHqsIw8TVyDIJmKuw%3D%3D&trackingId=k9WLpWTx2JQMbOkIwtw2Ew%3D%3D&trk=public_jobs_jserp-result_search-card
E-Commerce Growth Manager – Amazon ( ON -SITE -  NOT REMOTE ),SWCORP,"Miami, FL",https://www.linkedin.com/jobs/view/e-commerce-growth-manager-%E2%80%93-amazon-on-site-not-remote-at-swcorp-3993021900?position=40&pageNum=0&refId=AvIJ9PHqsIw8TVyDIJmKuw%3D%3D&trackingId=dAdA9nmRTI0NCBloAaUyNQ%3D%3D&trk=public_jobs_jserp-result_search-card
"Director, Organic Social - Talent Pool",Darkroom,"Miami, FL",https://www.linkedin.com/jobs/view/director-organic-social-talent-pool-at-darkroom-3902543785?position=41&pageNum=0&refId=AvIJ9PHqsIw8TVyDIJmKuw%3D%3D&trackingId=U%2BfSwplgGNq5ID2fCV5HsQ%3D%3D&trk=public_jobs_jserp-result_search-card
CRA Manager,Emigrant Bank,"Miami, FL",https://www.linkedin.com/jobs/view/cra-manager-at-emigrant-bank-3801576899?position=42&pageNum=0&refId=AvIJ9PHqsIw8TVyDIJmKuw%3D%3D&trackingId=lPhsBRw%2FE0FMsORi05Dv%2Fg%3D%3D&trk=public_jobs_jserp-result_search-card
"Senior Director, Product Management - AI Products - Remote | WFH",Get It Recruit - Hospitality,"Miami, FL",https://www.linkedin.com/jobs/view/senior-director-product-management-ai-products-remote-wfh-at-get-it-recruit-hospitality-3974863986?position=43&pageNum=0&refId=AvIJ9PHqsIw8TVyDIJmKuw%3D%3D&trackingId=ae0LG1Sicl77JRk7%2BAMQgw%3D%3D&trk=public_jobs_jserp-result_search-card
Associate Counsel - Remote | WFH,Get It Recruit - Hospitality,"Miami, FL",https://www.linkedin.com/jobs/view/associate-counsel-remote-wfh-at-get-it-recruit-hospitality-3997903039?position=44&pageNum=0&refId=AvIJ9PHqsIw8TVyDIJmKuw%3D%3D&trackingId=mXpVa5lmoXZB0ohR1JlLoA%3D%3D&trk=public_jobs_jserp-result_search-card
Business Development Manager – North America (Home Furnishings Sector),Colombini Group,"Miami, FL",https://www.linkedin.com/jobs/view/business-development-manager-%E2%80%93-north-america-home-furnishings-sector-at-colombini-group-3994775925?position=45&pageNum=0&refId=AvIJ9PHqsIw8TVyDIJmKuw%3D%3D&trackingId=OWkYMPAp9InY6oU%2FuJyNQQ%3D%3D&trk=public_jobs_jserp-result_search-card
"Director, Meetings & Conferences (Full Time) REMOTE USA LOCATION ONLY",Blueprint Creative Group,"Miami, FL",https://www.linkedin.com/jobs/view/director-meetings-conferences-full-time-remote-usa-location-only-at-blueprint-creative-group-3927504295?position=46&pageNum=0&refId=AvIJ9PHqsIw8TVyDIJmKuw%3D%3D&trackingId=dANotcPYangJcFRvD5W2Hw%3D%3D&trk=public_jobs_jserp-result_search-card
Senior Accountant (Not a Remote Position),"Doctors HealthCare Plans, Inc.","Miami, FL",https://www.linkedin.com/jobs/view/senior-accountant-not-a-remote-position-at-doctors-healthcare-plans-inc-4002283611?position=47&pageNum=0&refId=AvIJ9PHqsIw8TVyDIJmKuw%3D%3D&trackingId=HZcj8qQZ3H953oG6xCFkJg%3D%3D&trk=public_jobs_jserp-result_search-card
Partnership Manager,Leafwell,"Miami, FL",https://www.linkedin.com/jobs/view/partnership-manager-at-leafwell-3931896104?position=48&pageNum=0&refId=AvIJ9PHqsIw8TVyDIJmKuw%3D%3D&trackingId=Q0ftUYz1tG7tj51rCaudpg%3D%3D&trk=public_jobs_jserp-result_search-card
"Director or Manager, Business Development",Origis Energy,"Miami, FL",https://www.linkedin.com/jobs/view/director-or-manager-business-development-at-origis-energy-3964392397?position=49&pageNum=0&refId=AvIJ9PHqsIw8TVyDIJmKuw%3D%3D&trackingId=aRedTKn%2FNCs4Jb2RUdaMrA%3D%3D&trk=public_jobs_jserp-result_search-card
AI & Innovation Lead - Principal,Ampersand Consulting,"Miami, FL",https://www.linkedin.com/jobs/view/ai-innovation-lead-principal-at-ampersand-consulting-3819263565?position=50&pageNum=0&refId=AvIJ9PHqsIw8TVyDIJmKuw%3D%3D&trackingId=3mf3QhHacJMZansDWL6Sxw%3D%3D&trk=public_jobs_jserp-result_search-card
Senior Account Executive,TaskHuman,"Miami, FL",https://www.linkedin.com/jobs/view/senior-account-executive-at-taskhuman-3984248591?position=51&pageNum=0&refId=AvIJ9PHqsIw8TVyDIJmKuw%3D%3D&trackingId=RqLY1NgxsTHBRXs6m4nCWA%3D%3D&trk=public_jobs_jserp-result_search-card
Director of Technical Program Management,Carewell,"Miami, FL",https://www.linkedin.com/jobs/view/director-of-technical-program-management-at-carewell-3999543275?position=52&pageNum=0&refId=AvIJ9PHqsIw8TVyDIJmKuw%3D%3D&trackingId=r%2FyTLHbKlI6TlR5625rRTw%3D%3D&trk=public_jobs_jserp-result_search-card
Senior Product Manager,ResQ,"Miami, FL",https://www.linkedin.com/jobs/view/senior-product-manager-at-resq-3990405778?position=53&pageNum=0&refId=AvIJ9PHqsIw8TVyDIJmKuw%3D%3D&trackingId=HR0zvA6GDVUNEfN1msqU1w%3D%3D&trk=public_jobs_jserp-result_search-card
"Director, Meetings & Conferences (Contractor) REMOTE USA LOCATION ONLY",Blueprint Creative Group,"Miami, FL",https://www.linkedin.com/jobs/view/director-meetings-conferences-contractor-remote-usa-location-only-at-blueprint-creative-group-3927500654?position=54&pageNum=0&refId=AvIJ9PHqsIw8TVyDIJmKuw%3D%3D&trackingId=H3nkPBlqWi99810P5ZBNBw%3D%3D&trk=public_jobs_jserp-result_search-card
Entry Level Management - Remote | WFH,Get.It Recruit - Administrative,"Miami, FL",https://www.linkedin.com/jobs/view/entry-level-management-remote-wfh-at-get-it-recruit-administrative-3996309249?position=55&pageNum=0&refId=AvIJ9PHqsIw8TVyDIJmKuw%3D%3D&trackingId=hLbIMDWP17cg6ZWT0haIhg%3D%3D&trk=public_jobs_jserp-result_search-card
Business Development Manager USA/UK (Retail),The Customization Group,"Miami, FL",https://www.linkedin.com/jobs/view/business-development-manager-usa-uk-retail-at-the-customization-group-3988570822?position=56&pageNum=0&refId=AvIJ9PHqsIw8TVyDIJmKuw%3D%3D&trackingId=wTlDhFtx%2FRBNXYMyEOGmIA%3D%3D&trk=public_jobs_jserp-result_search-card
Account Executive,Vendelux,"Miami, FL",https://www.linkedin.com/jobs/view/account-executive-at-vendelux-3902545546?position=57&pageNum=0&refId=AvIJ9PHqsIw8TVyDIJmKuw%3D%3D&trackingId=%2BwszIUb4O04ojtQ57vNd5Q%3D%3D&trk=public_jobs_jserp-result_search-card
Director or Manager Project Engineering,Origis Energy,"Miami, FL",https://www.linkedin.com/jobs/view/director-or-manager-project-engineering-at-origis-energy-3979909696?position=58&pageNum=0&refId=AvIJ9PHqsIw8TVyDIJmKuw%3D%3D&trackingId=rmtVAPRBRjQboZFxDW%2F1ig%3D%3D&trk=public_jobs_jserp-result_search-card
